{
  "features": [
    "eda_phasic",
    "eda_tonic",
    "pupil_mean"
  ],
  "feature_string": "eda_phasic_eda_tonic_pupil_mean",
  "sample_duration_ms": 3000,
  "timestamp": "20250519-175752",
  "models": {
    "MLP": {
      "validation_accuracy": 0.774885145482389,
      "best_model_params": {
        "hidden_size": 1024,
        "depth": 1,
        "lr": 0.0006196041065814162,
        "dropout_rate": 0.48415288343334617
      },
      "study_name": "MLP_eda_phasic_eda_tonic_pupil_mean_20250519-175752"
    },
    "NonstationaryTransformer": {
      "validation_accuracy": 0.7611026033690659,
      "best_model_params": {
        "d_model": 256,
        "e_layers": 2,
        "d_ff": 256,
        "n_heads": 10,
        "factor": 2,
        "dropout": 0.49988247171678946,
        "lr": 4.677511585714586e-05
      },
      "study_name": "NonstationaryTransformer_eda_phasic_eda_tonic_pupil_mean_20250519-175752"
    },
    "PatchTST": {
      "validation_accuracy": 0.885145482388974,
      "best_model_params": {
        "d_model": 64,
        "e_layers": 2,
        "d_ff": 256,
        "patch_len": 32,
        "stride": 8,
        "top_k": 5,
        "dropout": 0.3176252089456131,
        "factor": 2,
        "lr": 0.0014400214544492112
      },
      "study_name": "PatchTST_eda_phasic_eda_tonic_pupil_mean_20250519-175752"
    },
    "Crossformer": {
      "validation_accuracy": 0.781010719754977,
      "best_model_params": {
        "d_model": 64,
        "n_heads": 9,
        "e_layers": 3,
        "d_ff": 256,
        "factor": 1,
        "dropout": 0.24592503231969304,
        "lr": 0.0017892936724918508
      },
      "study_name": "Crossformer_eda_phasic_eda_tonic_pupil_mean_20250519-175752"
    },
    "TimesNet": {
      "validation_accuracy": 0.77947932618683,
      "best_model_params": {
        "d_model": 8,
        "e_layers": 2,
        "d_ff": 16,
        "top_k": 2,
        "num_kernels": 5,
        "dropout": 0.48762621532536055,
        "lr": 0.0016968012790834165
      },
      "study_name": "TimesNet_eda_phasic_eda_tonic_pupil_mean_20250519-175752"
    }
  },
  "overall_best": {
    "model_name": "PatchTST",
    "validation_accuracy": 0.885145482388974,
    "params": {
      "d_model": 64,
      "e_layers": 2,
      "d_ff": 256,
      "patch_len": 32,
      "stride": 8,
      "top_k": 5,
      "dropout": 0.3176252089456131,
      "factor": 2,
      "lr": 0.0014400214544492112
    },
    "test_accuracy": 0.8325123152709359,
    "test_loss": 0.37448464943270376,
    "history": {
      "train_accuracy": [
        0.6540369869192603,
        0.7848443843031123,
        0.803788903924222,
        0.8137122237257556,
        0.8267929634641408,
        0.8105548037889039,
        0.8371673432566531,
        0.8276950834460983,
        0.8358141632837167,
        0.8353631032927379,
        0.8326567433468651,
        0.8358141632837167,
        0.8371673432566531,
        0.8276950834460983,
        0.8313035633739287,
        0.8475417230491655,
        0.8358141632837167,
        0.8394226432115471,
        0.8389715832205683,
        0.8353631032927379,
        0.8353631032927379,
        0.8443843031123139,
        0.839873703202526,
        0.8493459630130807,
        0.8457374830852503,
        0.8376184032476319,
        0.8479927830401444,
        0.8538565629228687,
        0.8439332431213351,
        0.846639603067208,
        0.8570139828597203,
        0.8484438430311232,
        0.8497970230040596,
        0.8493459630130807,
        0.8497970230040596,
        0.851150202976996,
        0.846639603067208,
        0.8412268831754623,
        0.8597203428055932,
        0.8502480829950383,
        0.846639603067208,
        0.8520523229589535,
        0.8484438430311232
      ],
      "train_loss": [
        0.6243467669418173,
        0.451153115412648,
        0.41813510646946966,
        0.40687459945194776,
        0.38653053915280183,
        0.3926749552054399,
        0.373374425953554,
        0.3812290658862622,
        0.3696073248653085,
        0.37400858711163953,
        0.3809374951004283,
        0.370622012399584,
        0.37542947465415255,
        0.37941618845115443,
        0.3789513533347676,
        0.3670307859462502,
        0.3703779864671481,
        0.3637722349269034,
        0.36396941785937126,
        0.3677678835058621,
        0.37157782753631236,
        0.35772941569030203,
        0.3616670463931523,
        0.3527708527710613,
        0.3601886798628935,
        0.3582411934972401,
        0.35384409978522013,
        0.3482080033409418,
        0.3582335435489195,
        0.3499656540951215,
        0.35269332842134277,
        0.35987874302285505,
        0.35660482501467444,
        0.35642443448775624,
        0.35329269532099145,
        0.3513978162917351,
        0.35353395126400416,
        0.3609149327915856,
        0.34325697825844353,
        0.3496588237338309,
        0.3545542858477159,
        0.3476848818049218,
        0.3522566327195905
      ],
      "test_accuracy": [
        0.7799671592775042,
        0.8078817733990148,
        0.812807881773399,
        0.8308702791461412,
        0.812807881773399,
        0.7980295566502463,
        0.8275862068965517,
        0.8325123152709359,
        0.819376026272578,
        0.7947454844006568,
        0.8390804597701149,
        0.8292282430213465,
        0.8325123152709359,
        0.7996715927750411,
        0.8210180623973727,
        0.8243021346469622,
        0.8325123152709359,
        0.8177339901477833,
        0.825944170771757,
        0.8243021346469622,
        0.8095238095238095,
        0.825944170771757,
        0.8095238095238095,
        0.8440065681444991,
        0.8423645320197044,
        0.8144499178981938,
        0.8243021346469622,
        0.8407224958949097,
        0.8423645320197044,
        0.8177339901477833,
        0.8325123152709359,
        0.8440065681444991,
        0.8275862068965517,
        0.8440065681444991,
        0.8440065681444991,
        0.8275862068965517,
        0.8292282430213465,
        0.8341543513957307,
        0.8357963875205254,
        0.8390804597701149,
        0.8308702791461412,
        0.8374384236453202,
        0.8325123152709359
      ],
      "test_loss": [
        0.44270260800869005,
        0.3896481434895683,
        0.3840663420351464,
        0.38243786645640293,
        0.40528611581901025,
        0.41808824131054245,
        0.37655168894085,
        0.3720421125540397,
        0.3809346966261934,
        0.4177262821710364,
        0.37898579597081655,
        0.3769775215530239,
        0.37251982694776187,
        0.41042747804879753,
        0.39182284953950464,
        0.38973345550018773,
        0.37334043536280176,
        0.37708229673124105,
        0.38342924849153154,
        0.3961656317726536,
        0.3848398186890363,
        0.3796153843207117,
        0.3927763795911385,
        0.3780391145809531,
        0.3727838633389309,
        0.38395338717156835,
        0.37859015815167985,
        0.37798764391485695,
        0.37709243974857926,
        0.37594264319964815,
        0.3767582568629035,
        0.37411688255950537,
        0.384172333774504,
        0.37018077391121773,
        0.3714877568637992,
        0.39586134179080845,
        0.3766818348997332,
        0.3727596447189845,
        0.37546866897291736,
        0.37007350243371107,
        0.3721309013554615,
        0.3716148239834164,
        0.36995290187975066
      ]
    },
    "model_path": "results\\experiment_eda_phasic_eda_tonic_pupil_mean\\model\\PatchTST_20250519-175752.pt"
  }
}