{
  "features": [
    "eda_raw"
  ],
  "feature_string": "eda_raw",
  "sample_duration_ms": 7000,
  "intervals": {
    "increases": "strictly_increasing_intervals",
    "plateaus": "plateau_intervals",
    "decreases": "major_decreasing_intervals"
  },
  "label_mapping": {
    "increases": 0,
    "plateaus": 0,
    "decreases": 1
  },
  "offsets_ms": {
    "increases": 0,
    "plateaus": 5000,
    "decreases": 1000
  },
  "timestamp": "20250816-032534",
  "models": {
    "MLP": {
      "validation_accuracy": 0.6678383128295254,
      "best_model_params": {
        "hidden_size": 4096,
        "depth": 3,
        "dropout": 0.15313118621173363,
        "lr": 0.0004221329465508774
      },
      "study_name": "MLP_eda_raw_20250816-032534"
    },
    "LightTS": {
      "validation_accuracy": 0.6854130052724078,
      "best_model_params": {
        "d_model": 128,
        "dropout": 0.2247992542004105,
        "lr": 0.009928729834255703
      },
      "study_name": "LightTS_eda_raw_20250816-032534"
    },
    "TimesNet": {
      "validation_accuracy": 0.680140597539543,
      "best_model_params": {
        "d_model": 16,
        "e_layers": 2,
        "d_ff": 32,
        "top_k": 2,
        "num_kernels": 8,
        "dropout": 0.04566433267697194,
        "lr": 0.0020178913139904642
      },
      "study_name": "TimesNet_eda_raw_20250816-032534"
    },
    "PatchTST": {
      "validation_accuracy": 0.7152899824253075,
      "best_model_params": {
        "d_model": 64,
        "e_layers": 3,
        "d_ff": 512,
        "patch_len": 16,
        "stride": 8,
        "top_k": 2,
        "dropout": 0.08681094935582451,
        "factor": 1,
        "lr": 0.0003894893361926137
      },
      "study_name": "PatchTST_eda_raw_20250816-032534"
    },
    "iTransformer": {
      "validation_accuracy": 0.664323374340949,
      "best_model_params": {
        "d_model": 64,
        "e_layers": 1,
        "d_ff": 512,
        "top_k": 5,
        "dropout": 0.005068277212814004,
        "factor": 2,
        "lr": 0.0006974528377703529
      },
      "study_name": "iTransformer_eda_raw_20250816-032534"
    }
  },
  "overall_best": {
    "model_name": "PatchTST",
    "validation_accuracy": 0.7152899824253075,
    "params": {
      "d_model": 64,
      "e_layers": 3,
      "d_ff": 512,
      "patch_len": 16,
      "stride": 8,
      "top_k": 2,
      "dropout": 0.08681094935582451,
      "factor": 1,
      "lr": 0.0003894893361926137
    },
    "test_accuracy": 0.7003058103975535,
    "test_loss": 0.5495801443171429,
    "history": {
      "train_accuracy": [
        0.6496316758747698,
        0.6629834254143646,
        0.6818600368324125,
        0.6919889502762431,
        0.6933701657458563,
        0.7011970534069981,
        0.7076427255985267,
        0.7205340699815838,
        0.7219152854511971,
        0.7269797421731123,
        0.7352670349907919,
        0.7380294659300184,
        0.7292817679558011,
        0.7297421731123389,
        0.7421731123388582,
        0.7311233885819521,
        0.7315837937384899,
        0.7361878453038674,
        0.7366482504604052,
        0.7453959484346224,
        0.7440147329650092,
        0.7509208103130756,
        0.7435543278084714,
        0.7541436464088398,
        0.7486187845303868,
        0.7472375690607734,
        0.7449355432780848,
        0.7449355432780848,
        0.7458563535911602,
        0.7458563535911602,
        0.7509208103130756,
        0.7417127071823204,
        0.7513812154696132,
        0.7523020257826888,
        0.744475138121547,
        0.7596685082872928,
        0.7513812154696132,
        0.753683241252302,
        0.7582872928176796,
        0.7509208103130756
      ],
      "train_loss": [
        0.6321696265845888,
        0.6089262645108484,
        0.5929448983287284,
        0.5723651329237234,
        0.5694501605262194,
        0.5630987986894822,
        0.5576386314509763,
        0.5581915146957664,
        0.5414933306516644,
        0.5482956202868818,
        0.5442305947096527,
        0.5347430354762912,
        0.545953380798108,
        0.536604172287725,
        0.5254439142417732,
        0.5354700834382304,
        0.5338829097168222,
        0.5266297654991431,
        0.5227909619417419,
        0.5216885527414072,
        0.5285371667113752,
        0.5138702973256892,
        0.527241768154211,
        0.5165745165905681,
        0.512172941674185,
        0.5214830718756162,
        0.5185805481222233,
        0.5179882801479178,
        0.5092496801147145,
        0.5189438149415327,
        0.5096119175738831,
        0.516563119150657,
        0.5068542508350112,
        0.5090025594221295,
        0.5116912297781001,
        0.5048595483570907,
        0.5063551909137607,
        0.5101664476851293,
        0.5053054851721663,
        0.5131455973257237
      ],
      "test_accuracy": [
        0.6743119266055045,
        0.6926605504587156,
        0.7125382262996942,
        0.7018348623853211,
        0.7064220183486238,
        0.7186544342507645,
        0.6834862385321101,
        0.7186544342507645,
        0.709480122324159,
        0.709480122324159,
        0.691131498470948,
        0.7140672782874617,
        0.7079510703363915,
        0.7140672782874617,
        0.6987767584097859,
        0.7155963302752294,
        0.7018348623853211,
        0.709480122324159,
        0.7018348623853211,
        0.7140672782874617,
        0.7155963302752294,
        0.7064220183486238,
        0.7018348623853211,
        0.7003058103975535,
        0.709480122324159,
        0.7018348623853211,
        0.709480122324159,
        0.7048929663608563,
        0.7033639143730887,
        0.7033639143730887,
        0.6987767584097859,
        0.7033639143730887,
        0.7003058103975535,
        0.7018348623853211,
        0.7018348623853211,
        0.7003058103975535,
        0.7003058103975535,
        0.7003058103975535,
        0.6987767584097859,
        0.7003058103975535
      ],
      "test_loss": [
        0.5991414207566405,
        0.5861048962727234,
        0.5584719327793938,
        0.560864307829364,
        0.575450570211498,
        0.5652116070464481,
        0.6436929387419231,
        0.5719605247726499,
        0.5663113151121577,
        0.5643192420312024,
        0.6208405660562194,
        0.5716204005279307,
        0.5760470461043379,
        0.536875691800307,
        0.5775365537824252,
        0.5568464841317693,
        0.5670125975703609,
        0.5540326790889833,
        0.5412159463681212,
        0.5494377400714687,
        0.5461695057536484,
        0.5523364392624718,
        0.5683506656130519,
        0.546829584268255,
        0.5646921199396115,
        0.5564434202986026,
        0.5484522602973728,
        0.5482868233222845,
        0.547852195001888,
        0.5539948041650498,
        0.5525683897350906,
        0.550042063909204,
        0.551327250601684,
        0.5497506443149088,
        0.5483262396733696,
        0.5524642765522003,
        0.5502589677634224,
        0.5496198024589352,
        0.5494626263777415,
        0.5495801443171429
      ]
    },
    "model_path": "results\\experiment_eda_raw\\model\\PatchTST_20250816-032534.pt"
  }
}