{
  "features": [
    "eda_raw"
  ],
  "feature_string": "eda_raw",
  "sample_duration_ms": 7000,
  "intervals": {
    "increases": "strictly_increasing_intervals",
    "plateaus": "plateau_intervals",
    "decreases": "major_decreasing_intervals"
  },
  "label_mapping": {
    "increases": 0,
    "plateaus": 0,
    "decreases": 1
  },
  "offsets_ms": {
    "increases": 0,
    "plateaus": 5000,
    "decreases": 1000
  },
  "timestamp": "20250820-210440",
  "models": {
    "MLP": {
      "validation_accuracy": 0.6645367412140575,
      "best_model_params": {
        "hidden_size": 4096,
        "depth": 2,
        "dropout": 0.07121600662377989,
        "lr": 0.0003977689269579738
      },
      "study_name": "MLP_eda_raw_20250820-210440"
    },
    "LightTS": {
      "validation_accuracy": 0.6741214057507987,
      "best_model_params": {
        "d_model": 128,
        "dropout": 0.4114145658682399,
        "lr": 0.005276341762366452
      },
      "study_name": "LightTS_eda_raw_20250820-210440"
    },
    "TimesNet": {
      "validation_accuracy": 0.6501597444089456,
      "best_model_params": {
        "d_model": 16,
        "e_layers": 3,
        "d_ff": 32,
        "top_k": 2,
        "num_kernels": 7,
        "dropout": 0.04262887305276709,
        "lr": 0.00084578010685296
      },
      "study_name": "TimesNet_eda_raw_20250820-210440"
    },
    "PatchTST": {
      "validation_accuracy": 0.7476038338658147,
      "best_model_params": {
        "d_model": 32,
        "e_layers": 3,
        "d_ff": 512,
        "patch_len": 16,
        "stride": 16,
        "top_k": 2,
        "dropout": 0.1792328642721363,
        "factor": 1,
        "lr": 0.0038842777547031426
      },
      "study_name": "PatchTST_eda_raw_20250820-210440"
    },
    "iTransformer": {
      "validation_accuracy": 0.6629392971246006,
      "best_model_params": {
        "d_model": 128,
        "e_layers": 2,
        "d_ff": 512,
        "top_k": 3,
        "dropout": 0.002870032555355365,
        "factor": 1,
        "lr": 0.0011541810568086906
      },
      "study_name": "iTransformer_eda_raw_20250820-210440"
    }
  },
  "overall_best": {
    "model_name": "PatchTST",
    "validation_accuracy": 0.7476038338658147,
    "params": {
      "d_model": 32,
      "e_layers": 3,
      "d_ff": 512,
      "patch_len": 16,
      "stride": 16,
      "top_k": 2,
      "dropout": 0.1792328642721363,
      "factor": 1,
      "lr": 0.0038842777547031426
    },
    "test_accuracy": 0.7623931623931623,
    "test_loss": 0.5328207966608879,
    "history": {
      "train_accuracy": [
        0.6247211066488175,
        0.6537260151717983,
        0.6644355198572066,
        0.6979027219991075,
        0.6818384649709951,
        0.6885319053993753,
        0.6836233824185631,
        0.6653279785809906,
        0.6845158411423472,
        0.6970102632753236,
        0.7032574743418117,
        0.7050423917893798,
        0.7197679607318161,
        0.7068273092369478,
        0.715305667112896
      ],
      "train_loss": [
        0.6632803223698015,
        0.6214202994323639,
        0.5997912794989914,
        0.5956965752315011,
        0.6000146309428319,
        0.5928950064791892,
        0.6036816242548676,
        0.5989767417930056,
        0.5815203316985151,
        0.5753927422202841,
        0.5695711407130555,
        0.5687413421500639,
        0.5566611840543019,
        0.562495008802531,
        0.5605862649795148
      ],
      "test_accuracy": [
        0.7042735042735043,
        0.7196581196581197,
        0.7572649572649572,
        0.7316239316239316,
        0.7282051282051282,
        0.7247863247863248,
        0.7145299145299145,
        0.7282051282051282,
        0.7367521367521368,
        0.7538461538461538,
        0.7555555555555555,
        0.7623931623931623,
        0.7589743589743589,
        0.7623931623931623,
        0.7623931623931623
      ],
      "test_loss": [
        0.5806051024004945,
        0.5755621690016527,
        0.5369902441644261,
        0.5871129227499676,
        0.5941745376994467,
        0.5560162686894082,
        0.5646189764014676,
        0.5451531238026089,
        0.5363043480449252,
        0.5334272239962194,
        0.5325399686128666,
        0.5311471594704522,
        0.5324590288675748,
        0.5315081749206935,
        0.5328207966608879
      ]
    },
    "model_path": "results\\experiment_eda_raw\\model\\PatchTST_20250820-210440.pt"
  }
}