{
  "features": [
    "eda_raw",
    "pupil"
  ],
  "feature_string": "eda_raw_pupil",
  "sample_duration_ms": 7000,
  "intervals": {
    "increases": "strictly_increasing_intervals",
    "plateaus": "plateau_intervals",
    "decreases": "major_decreasing_intervals"
  },
  "label_mapping": {
    "increases": 0,
    "plateaus": 0,
    "decreases": 1
  },
  "offsets_ms": {
    "increases": 0,
    "plateaus": 5000,
    "decreases": 1000
  },
  "timestamp": "20250820-213701",
  "models": {
    "MLP": {
      "validation_accuracy": 0.6996805111821086,
      "best_model_params": {
        "hidden_size": 512,
        "depth": 2,
        "dropout": 0.08027366815759243,
        "lr": 0.0013850239287607777
      },
      "study_name": "MLP_eda_raw_pupil_20250820-213701"
    },
    "LightTS": {
      "validation_accuracy": 0.7172523961661342,
      "best_model_params": {
        "d_model": 128,
        "dropout": 0.002781829974132211,
        "lr": 0.009703894262007892
      },
      "study_name": "LightTS_eda_raw_pupil_20250820-213701"
    },
    "TimesNet": {
      "validation_accuracy": 0.6629392971246006,
      "best_model_params": {
        "d_model": 32,
        "e_layers": 2,
        "d_ff": 32,
        "top_k": 2,
        "num_kernels": 8,
        "dropout": 0.41622132040021087,
        "lr": 4.335281794951564e-05
      },
      "study_name": "TimesNet_eda_raw_pupil_20250820-213701"
    },
    "PatchTST": {
      "validation_accuracy": 0.7412140575079872,
      "best_model_params": {
        "d_model": 64,
        "e_layers": 2,
        "d_ff": 128,
        "patch_len": 16,
        "stride": 4,
        "top_k": 2,
        "dropout": 0.4744427686266666,
        "factor": 2,
        "lr": 0.002661901888489057
      },
      "study_name": "PatchTST_eda_raw_pupil_20250820-213701"
    },
    "iTransformer": {
      "validation_accuracy": 0.694888178913738,
      "best_model_params": {
        "d_model": 64,
        "e_layers": 2,
        "d_ff": 256,
        "top_k": 5,
        "dropout": 0.0005250472352252289,
        "factor": 1,
        "lr": 0.0007436139469888448
      },
      "study_name": "iTransformer_eda_raw_pupil_20250820-213701"
    }
  },
  "overall_best": {
    "model_name": "PatchTST",
    "validation_accuracy": 0.7412140575079872,
    "params": {
      "d_model": 64,
      "e_layers": 2,
      "d_ff": 128,
      "patch_len": 16,
      "stride": 4,
      "top_k": 2,
      "dropout": 0.4744427686266666,
      "factor": 2,
      "lr": 0.002661901888489057
    },
    "test_accuracy": 0.7794871794871795,
    "test_loss": 0.4954954725045424,
    "history": {
      "train_accuracy": [
        0.6367692994199018,
        0.6269522534582775,
        0.6193663543061133,
        0.6251673360107095,
        0.6202588130298974,
        0.6613119143239625,
        0.6675591253904507,
        0.6590807675145025,
        0.6720214190093708,
        0.6724676483712628,
        0.6894243641231593,
        0.6934404283801874,
        0.6854082998661312,
        0.7001338688085676,
        0.6912092815707274
      ],
      "train_loss": [
        0.7787701422909656,
        0.8303042639068517,
        0.8411378435414851,
        0.8052298070755669,
        0.7976666876430333,
        0.7188623097261005,
        0.6897569295286547,
        0.6723832432471551,
        0.6564985712635256,
        0.6270073761848508,
        0.6103355856957259,
        0.6141672211199241,
        0.6043314415660621,
        0.5894532964192082,
        0.5954794560620185
      ],
      "test_accuracy": [
        0.67008547008547,
        0.7247863247863248,
        0.7196581196581197,
        0.7230769230769231,
        0.7350427350427351,
        0.7025641025641025,
        0.7521367521367521,
        0.7042735042735043,
        0.717948717948718,
        0.7521367521367521,
        0.7555555555555555,
        0.7538461538461538,
        0.7726495726495727,
        0.7743589743589744,
        0.7794871794871795
      ],
      "test_loss": [
        0.6212933605552738,
        0.5515317282106122,
        0.6526000527235177,
        0.6257953880179642,
        0.5451024469147381,
        0.6386975448355715,
        0.5580556498633491,
        0.6312221033960326,
        0.5671930862288189,
        0.5279213798351777,
        0.5281576578433697,
        0.5131271660837353,
        0.49619732371762265,
        0.4957298784174471,
        0.4954954725045424
      ]
    },
    "model_path": "results\\experiment_eda_raw_pupil\\model\\PatchTST_20250820-213701.pt"
  }
}