{
  "features": [
    "eda_raw",
    "pupil"
  ],
  "feature_string": "eda_raw_pupil",
  "sample_duration_ms": 7000,
  "intervals": {
    "increases": "strictly_increasing_intervals",
    "plateaus": "plateau_intervals",
    "decreases": "major_decreasing_intervals"
  },
  "label_mapping": {
    "increases": 0,
    "plateaus": 0,
    "decreases": 1
  },
  "offsets_ms": {
    "increases": 0,
    "plateaus": 5000,
    "decreases": 1000
  },
  "timestamp": "20250816-020400",
  "models": {
    "MLP": {
      "validation_accuracy": 0.6906854130052724,
      "best_model_params": {
        "hidden_size": 256,
        "depth": 1,
        "dropout": 0.04646688973455957,
        "lr": 0.003967605077052989
      },
      "study_name": "MLP_eda_raw_pupil_20250816-020400"
    },
    "LightTS": {
      "validation_accuracy": 0.70298769771529,
      "best_model_params": {
        "d_model": 128,
        "dropout": 0.010292247147901223,
        "lr": 0.008123245085588688
      },
      "study_name": "LightTS_eda_raw_pupil_20250816-020400"
    },
    "TimesNet": {
      "validation_accuracy": 0.6608084358523726,
      "best_model_params": {
        "d_model": 16,
        "e_layers": 3,
        "d_ff": 16,
        "top_k": 3,
        "num_kernels": 6,
        "dropout": 0.2679443810773497,
        "lr": 0.0010001081113438384
      },
      "study_name": "TimesNet_eda_raw_pupil_20250816-020400"
    },
    "PatchTST": {
      "validation_accuracy": 0.7205623901581723,
      "best_model_params": {
        "d_model": 128,
        "e_layers": 2,
        "d_ff": 256,
        "patch_len": 4,
        "stride": 8,
        "top_k": 3,
        "dropout": 0.25031547891142364,
        "factor": 2,
        "lr": 0.001853891288893648
      },
      "study_name": "PatchTST_eda_raw_pupil_20250816-020400"
    },
    "iTransformer": {
      "validation_accuracy": 0.6959578207381371,
      "best_model_params": {
        "d_model": 32,
        "e_layers": 1,
        "d_ff": 256,
        "top_k": 3,
        "dropout": 0.3925879806965068,
        "factor": 1,
        "lr": 0.0003489018845491386
      },
      "study_name": "iTransformer_eda_raw_pupil_20250816-020400"
    }
  },
  "overall_best": {
    "model_name": "PatchTST",
    "validation_accuracy": 0.7205623901581723,
    "params": {
      "d_model": 128,
      "e_layers": 2,
      "d_ff": 256,
      "patch_len": 4,
      "stride": 8,
      "top_k": 3,
      "dropout": 0.25031547891142364,
      "factor": 2,
      "lr": 0.001853891288893648
    },
    "test_accuracy": 0.7522935779816514,
    "test_loss": 0.5301810005389223,
    "history": {
      "train_accuracy": [
        0.6634438305709024,
        0.6652854511970534,
        0.6597605893186004,
        0.6542357274401474,
        0.6721915285451197,
        0.6625230202578268,
        0.6800184162062615,
        0.6777163904235728,
        0.6588397790055248,
        0.6841620626151013,
        0.6652854511970534,
        0.6597605893186004,
        0.6795580110497238,
        0.6919889502762431,
        0.6740331491712708,
        0.6855432780847146,
        0.6841620626151013,
        0.6906077348066298,
        0.6998158379373849,
        0.7062615101289135,
        0.7025782688766115,
        0.7085635359116023,
        0.7081031307550645,
        0.7113259668508287,
        0.7085635359116023,
        0.7251381215469613,
        0.7338858195211786,
        0.7168508287292817,
        0.7366482504604052,
        0.7292817679558011,
        0.7430939226519337,
        0.7352670349907919,
        0.746316758747698,
        0.7380294659300184,
        0.7315837937384899,
        0.740791896869245,
        0.7357274401473296,
        0.7440147329650092,
        0.7495395948434622,
        0.7486187845303868
      ],
      "train_loss": [
        0.6789948269587635,
        0.673569105277404,
        0.7031322088689436,
        0.7171637537729675,
        0.711909081834895,
        0.6957544078484424,
        0.6971703971947095,
        0.6608701713835996,
        0.6917633884080426,
        0.6584513031536264,
        0.6886396389420301,
        0.6944971206438476,
        0.6492185618995961,
        0.6565415630902595,
        0.6510250340070075,
        0.6196253936374165,
        0.6204715319540399,
        0.6107892598236463,
        0.59344882541379,
        0.5841589731406112,
        0.5889586262940043,
        0.5828246278876977,
        0.5721522435738017,
        0.5774854233910366,
        0.5674716183713348,
        0.5453259991567657,
        0.5294869524558824,
        0.5484593123142671,
        0.5489470292411017,
        0.5378077865525065,
        0.531685921368678,
        0.5267426883098609,
        0.5216793473364021,
        0.5289176006563021,
        0.5340091429143101,
        0.5261645218285408,
        0.5223700127548935,
        0.5140580953155434,
        0.5182932759077729,
        0.5175961136378856
      ],
      "test_accuracy": [
        0.6850152905198776,
        0.7217125382262997,
        0.6926605504587156,
        0.555045871559633,
        0.7232415902140673,
        0.6880733944954128,
        0.7262996941896025,
        0.7140672782874617,
        0.7217125382262997,
        0.7048929663608563,
        0.6788990825688074,
        0.6850152905198776,
        0.6987767584097859,
        0.7018348623853211,
        0.7186544342507645,
        0.7217125382262997,
        0.72782874617737,
        0.6880733944954128,
        0.7324159021406728,
        0.735474006116208,
        0.7324159021406728,
        0.7140672782874617,
        0.7477064220183486,
        0.7262996941896025,
        0.7492354740061162,
        0.7446483180428135,
        0.7431192660550459,
        0.7492354740061162,
        0.746177370030581,
        0.7385321100917431,
        0.7477064220183486,
        0.746177370030581,
        0.7522935779816514,
        0.7553516819571865,
        0.753822629969419,
        0.7553516819571865,
        0.7522935779816514,
        0.7522935779816514,
        0.753822629969419,
        0.7522935779816514
      ],
      "test_loss": [
        0.6572558088769241,
        0.5858601351761308,
        0.7287614668181183,
        0.8857057816391691,
        0.5970428793802174,
        0.6084292037042274,
        0.5697349887739992,
        0.6497065899751238,
        0.5602466852293102,
        0.5730667010359808,
        0.6018465206892848,
        0.612636181557215,
        0.6902329750381843,
        0.5988890206048249,
        0.5550212488261932,
        0.5871052749295482,
        0.5710727016495638,
        0.5733758147338844,
        0.5399154754589093,
        0.551774262470572,
        0.5664377927051043,
        0.5956003503697364,
        0.5280547399039662,
        0.5680038599063861,
        0.5215998753130618,
        0.5268616034714818,
        0.5378223812543653,
        0.5274590587397234,
        0.5160749525469742,
        0.5350966637652219,
        0.5232276675898001,
        0.551589505934934,
        0.547156751884962,
        0.5329798263147336,
        0.5262152889817497,
        0.5254941391288688,
        0.5300324212885049,
        0.5300528684158209,
        0.5304810468574547,
        0.5301810005389223
      ]
    },
    "model_path": "results\\experiment_eda_raw_pupil\\model\\PatchTST_20250816-020400.pt"
  }
}