{
  "features": [
    "f3",
    "f4",
    "c3",
    "cz",
    "c4",
    "p3",
    "p4",
    "oz",
    "eda_raw"
  ],
  "feature_string": "f3_f4_c3_cz_c4_p3_p4_oz_eda_raw",
  "sample_duration_ms": 7000,
  "intervals": {
    "increases": "strictly_increasing_intervals",
    "plateaus": "plateau_intervals",
    "decreases": "major_decreasing_intervals"
  },
  "label_mapping": {
    "increases": 0,
    "plateaus": 0,
    "decreases": 1
  },
  "offsets_ms": {
    "increases": 0,
    "plateaus": 5000,
    "decreases": 1000
  },
  "timestamp": "20250820-222919",
  "models": {
    "MLP": {
      "validation_accuracy": 0.5734824281150159,
      "best_model_params": {
        "hidden_size": 2048,
        "depth": 3,
        "dropout": 0.7080401081823836,
        "lr": 1.626965869972043e-05
      },
      "study_name": "MLP_f3_f4_c3_cz_c4_p3_p4_oz_eda_raw_20250820-222919"
    },
    "LightTS": {
      "validation_accuracy": 0.5543130990415336,
      "best_model_params": {
        "d_model": 128,
        "dropout": 0.2637036032804471,
        "lr": 1.756380738839503e-05
      },
      "study_name": "LightTS_f3_f4_c3_cz_c4_p3_p4_oz_eda_raw_20250820-222919"
    },
    "iTransformer": {
      "validation_accuracy": 0.5702875399361023,
      "best_model_params": {
        "d_model": 64,
        "e_layers": 1,
        "d_ff": 256,
        "top_k": 2,
        "dropout": 0.03252579649263976,
        "factor": 2,
        "lr": 0.00788671412999049
      },
      "study_name": "iTransformer_f3_f4_c3_cz_c4_p3_p4_oz_eda_raw_20250820-222919"
    },
    "EEGPhysioEnsemble": {
      "validation_accuracy": 0.7460063897763578,
      "best_model_params": {
        "F1": 16,
        "D": 3,
        "eeg_dropout": 0.4266712818569762,
        "d_model": 64,
        "e_layers": 3,
        "d_ff": 256,
        "patch_len": 16,
        "stride": 16,
        "physio_dropout": 0.041782290651213465,
        "fusion_hidden_dim": 64,
        "fusion_dropout": 0.2509290010560877,
        "lr": 0.0005364067412766537
      },
      "study_name": "EEGPhysioEnsemble_f3_f4_c3_cz_c4_p3_p4_oz_eda_raw_20250820-222919"
    }
  },
  "overall_best": {
    "model_name": "EEGPhysioEnsemble",
    "validation_accuracy": 0.7460063897763578,
    "params": {
      "F1": 16,
      "D": 3,
      "eeg_dropout": 0.4266712818569762,
      "d_model": 64,
      "e_layers": 3,
      "d_ff": 256,
      "patch_len": 16,
      "stride": 16,
      "physio_dropout": 0.041782290651213465,
      "fusion_hidden_dim": 64,
      "fusion_dropout": 0.2509290010560877,
      "lr": 0.0005364067412766537
    },
    "test_accuracy": 0.7316239316239316,
    "test_loss": 0.5657428757757204,
    "history": {
      "train_accuracy": [
        0.640339134315038,
        0.6974564926372155,
        0.7054886211512718,
        0.7228915662650602,
        0.7188755020080321,
        0.7313699241410084,
        0.7398482820169567,
        0.7483266398929049,
        0.7541276215975011,
        0.7670682730923695,
        0.7634984381972334,
        0.7688531905399375,
        0.7786702365015618,
        0.7697456492637216,
        0.7759928603302098
      ],
      "train_loss": [
        0.6373362899198962,
        0.581494613610863,
        0.5678558145873731,
        0.5520822444314778,
        0.5495905442091037,
        0.5270994054066289,
        0.5246057907075341,
        0.5123911845476592,
        0.5015688716155086,
        0.49053306802475577,
        0.49265084163996853,
        0.4855522095944295,
        0.46853543802703507,
        0.4686142243960243,
        0.471414674896313
      ],
      "test_accuracy": [
        0.7111111111111111,
        0.7333333333333333,
        0.7316239316239316,
        0.7213675213675214,
        0.7264957264957265,
        0.7384615384615385,
        0.7333333333333333,
        0.7247863247863248,
        0.7299145299145299,
        0.7350427350427351,
        0.7299145299145299,
        0.7333333333333333,
        0.7282051282051282,
        0.7333333333333333,
        0.7316239316239316
      ],
      "test_loss": [
        0.5931775799164405,
        0.5854958914284013,
        0.564599963538667,
        0.5695358997736222,
        0.5646787038216224,
        0.564564134218754,
        0.5613756474266705,
        0.5686792301316547,
        0.5671620133595588,
        0.5684362707993923,
        0.5649783781451038,
        0.5658183596073053,
        0.575353850870051,
        0.5587832587396997,
        0.5657428757757204
      ]
    },
    "model_path": "results\\experiment_f3_f4_c3_cz_c4_p3_p4_oz_eda_raw\\model\\EEGPhysioEnsemble_20250820-222919.pt"
  }
}