{
  "features": [
    "pupil"
  ],
  "feature_string": "pupil",
  "sample_duration_ms": 7000,
  "intervals": {
    "increases": "strictly_increasing_intervals",
    "plateaus": "plateau_intervals",
    "decreases": "major_decreasing_intervals"
  },
  "label_mapping": {
    "increases": 0,
    "plateaus": 0,
    "decreases": 1
  },
  "offsets_ms": {
    "increases": 0,
    "plateaus": 5000,
    "decreases": 1000
  },
  "timestamp": "20250820-211821",
  "models": {
    "MLP": {
      "validation_accuracy": 0.6661341853035144,
      "best_model_params": {
        "hidden_size": 4096,
        "depth": 2,
        "dropout": 0.12492142298263664,
        "lr": 0.004221044683156237
      },
      "study_name": "MLP_pupil_20250820-211821"
    },
    "LightTS": {
      "validation_accuracy": 0.6789137380191693,
      "best_model_params": {
        "d_model": 32,
        "dropout": 0.4880699499289976,
        "lr": 0.0004392125319176157
      },
      "study_name": "LightTS_pupil_20250820-211821"
    },
    "TimesNet": {
      "validation_accuracy": 0.6677316293929713,
      "best_model_params": {
        "d_model": 8,
        "e_layers": 1,
        "d_ff": 32,
        "top_k": 2,
        "num_kernels": 7,
        "dropout": 0.1738401446758969,
        "lr": 0.004835353576218033
      },
      "study_name": "TimesNet_pupil_20250820-211821"
    },
    "PatchTST": {
      "validation_accuracy": 0.6789137380191693,
      "best_model_params": {
        "d_model": 128,
        "e_layers": 2,
        "d_ff": 256,
        "patch_len": 8,
        "stride": 8,
        "top_k": 2,
        "dropout": 0.2793992915216572,
        "factor": 2,
        "lr": 0.0001290232572819952
      },
      "study_name": "PatchTST_pupil_20250820-211821"
    },
    "iTransformer": {
      "validation_accuracy": 0.6805111821086262,
      "best_model_params": {
        "d_model": 64,
        "e_layers": 2,
        "d_ff": 256,
        "top_k": 2,
        "dropout": 0.0034705307239273446,
        "factor": 2,
        "lr": 0.0036113720559510743
      },
      "study_name": "iTransformer_pupil_20250820-211821"
    }
  },
  "overall_best": {
    "model_name": "iTransformer",
    "validation_accuracy": 0.6805111821086262,
    "params": {
      "d_model": 64,
      "e_layers": 2,
      "d_ff": 256,
      "top_k": 2,
      "dropout": 0.0034705307239273446,
      "factor": 2,
      "lr": 0.0036113720559510743
    },
    "test_accuracy": 0.6666666666666666,
    "test_loss": 0.6250007616149055,
    "history": {
      "train_accuracy": [
        0.6108879964301651,
        0.6416778224007139,
        0.6309683177153057,
        0.643908969210174,
        0.644801427933958,
        0.64301651048639,
        0.6327532351628737,
        0.6354306113342257,
        0.6452476572958501,
        0.6523873270861222,
        0.6537260151717983,
        0.6532797858099063,
        0.6586345381526104,
        0.6586345381526104,
        0.6599732262382865
      ],
      "train_loss": [
        0.6583341956404585,
        0.6478776047135081,
        0.6528028951910445,
        0.6484078377791145,
        0.6491447735556212,
        0.6498188496380712,
        0.66322422897321,
        0.6550727813491753,
        0.654592217717092,
        0.6474369210305356,
        0.6413538719276827,
        0.6414589247550352,
        0.6353621948834564,
        0.6342387656211215,
        0.633478133420974
      ],
      "test_accuracy": [
        0.6752136752136753,
        0.6837606837606838,
        0.6461538461538462,
        0.6666666666666666,
        0.6735042735042736,
        0.6683760683760683,
        0.6341880341880342,
        0.6376068376068376,
        0.6735042735042736,
        0.6615384615384615,
        0.6598290598290598,
        0.6871794871794872,
        0.67008547008547,
        0.6666666666666666,
        0.6666666666666666
      ],
      "test_loss": [
        0.6044929877305643,
        0.6113192533835387,
        0.6300253942481473,
        0.6251247856352065,
        0.6151931469257061,
        0.6330492468980643,
        0.6597408179543977,
        0.6502543283323956,
        0.628485167841626,
        0.6432987778614729,
        0.6378627437811631,
        0.6167769935395983,
        0.6266681557027702,
        0.6259818894231421,
        0.6250007616149055
      ]
    },
    "model_path": "results\\experiment_pupil\\model\\iTransformer_20250820-211821.pt"
  }
}