{
  "features": [
    "eda_phasic",
    "eda_tonic",
    "heartrate"
  ],
  "feature_string": "eda_phasic_eda_tonic_heartrate",
  "sample_duration_ms": 3000,
  "timestamp": "20250519-182558",
  "models": {
    "MLP": {
      "validation_accuracy": 0.7595712098009189,
      "best_model_params": {
        "hidden_size": 256,
        "depth": 2,
        "lr": 0.0023062665079200545,
        "dropout_rate": 0.45454335352829756
      },
      "study_name": "MLP_eda_phasic_eda_tonic_heartrate_20250519-182558"
    },
    "NonstationaryTransformer": {
      "validation_accuracy": 0.7580398162327718,
      "best_model_params": {
        "d_model": 64,
        "e_layers": 4,
        "d_ff": 256,
        "n_heads": 7,
        "factor": 2,
        "dropout": 0.28879297204448023,
        "lr": 3.590574652092581e-05
      },
      "study_name": "NonstationaryTransformer_eda_phasic_eda_tonic_heartrate_20250519-182558"
    },
    "PatchTST": {
      "validation_accuracy": 0.900459418070444,
      "best_model_params": {
        "d_model": 128,
        "e_layers": 2,
        "d_ff": 256,
        "patch_len": 32,
        "stride": 16,
        "top_k": 2,
        "dropout": 0.3650390060513615,
        "factor": 2,
        "lr": 0.0034751132754591734
      },
      "study_name": "PatchTST_eda_phasic_eda_tonic_heartrate_20250519-182558"
    },
    "Crossformer": {
      "validation_accuracy": 0.7595712098009189,
      "best_model_params": {
        "d_model": 64,
        "n_heads": 8,
        "e_layers": 1,
        "d_ff": 512,
        "factor": 2,
        "dropout": 0.12484690372092633,
        "lr": 0.00046168255719997435
      },
      "study_name": "Crossformer_eda_phasic_eda_tonic_heartrate_20250519-182558"
    },
    "TimesNet": {
      "validation_accuracy": 0.7565084226646248,
      "best_model_params": {
        "d_model": 8,
        "e_layers": 2,
        "d_ff": 8,
        "top_k": 3,
        "num_kernels": 4,
        "dropout": 0.42147422299931314,
        "lr": 0.0009079675037944294
      },
      "study_name": "TimesNet_eda_phasic_eda_tonic_heartrate_20250519-182558"
    }
  },
  "overall_best": {
    "model_name": "PatchTST",
    "validation_accuracy": 0.900459418070444,
    "params": {
      "d_model": 128,
      "e_layers": 2,
      "d_ff": 256,
      "patch_len": 32,
      "stride": 16,
      "top_k": 2,
      "dropout": 0.3650390060513615,
      "factor": 2,
      "lr": 0.0034751132754591734
    },
    "test_accuracy": 0.8226600985221675,
    "test_loss": 0.38481388455149773,
    "history": {
      "train_accuracy": [
        0.6950834460983311,
        0.7780784844384303,
        0.7929634641407307,
        0.8078484438430311,
        0.8069463238610736,
        0.8028867839422643,
        0.8110058637798827,
        0.8159675236806495,
        0.8101037437979252,
        0.8177717636445647,
        0.8204781235904375,
        0.8168696436626072,
        0.8164185836716283,
        0.8258908434821831,
        0.8177717636445647,
        0.8173207036535859,
        0.8073973838520523,
        0.8317546233649076,
        0.8254397834912043,
        0.8281461434370772,
        0.828597203428056,
        0.8213802435723951,
        0.8349120433017592,
        0.828597203428056,
        0.8394226432115471,
        0.8267929634641408,
        0.8322056833558863,
        0.8385205232295896,
        0.8204781235904375,
        0.8340099233198015,
        0.846639603067208,
        0.8362652232746955,
        0.8376184032476319,
        0.8434821831303564,
        0.8362652232746955,
        0.8416779431664412,
        0.8434821831303564,
        0.846639603067208,
        0.8425800631483987,
        0.8416779431664412,
        0.8421290031574199,
        0.8344609833107803,
        0.8403247631935047,
        0.8367162832656744,
        0.8457374830852503,
        0.8434821831303564,
        0.8421290031574199,
        0.839873703202526,
        0.8353631032927379,
        0.8488949030221019,
        0.8385205232295896,
        0.8425800631483987,
        0.839873703202526,
        0.8344609833107803,
        0.8344609833107803,
        0.8425800631483987,
        0.85340550293189,
        0.8254397834912043,
        0.8349120433017592,
        0.821831303563374,
        0.8231844835363104,
        0.8385205232295896,
        0.8371673432566531,
        0.8389715832205683,
        0.8430311231393776,
        0.8380694632386108,
        0.8443843031123139,
        0.8412268831754623,
        0.8403247631935047
      ],
      "train_loss": [
        0.6139496222615618,
        0.4671065477863539,
        0.4442340143774348,
        0.43178476440944163,
        0.44282914181254607,
        0.41476053066709634,
        0.43671016893141645,
        0.42183748141677196,
        0.4153262741080694,
        0.4089735768832868,
        0.42059440126438424,
        0.41784667194454206,
        0.4080721520334415,
        0.39292796943496355,
        0.41993780621656385,
        0.40280393447540447,
        0.4204115039817266,
        0.3896350907107221,
        0.39677187969784616,
        0.3973821172399138,
        0.4060444818674362,
        0.40179601311683655,
        0.37937172557730153,
        0.39299382115464304,
        0.3912626218435514,
        0.39537952115098046,
        0.392511092909403,
        0.3854352758981432,
        0.389300490103168,
        0.3777909955975167,
        0.37265372217158554,
        0.3797857816497861,
        0.3682132188296286,
        0.3673052200203174,
        0.3788102222392298,
        0.37912482710157797,
        0.36858088329239475,
        0.3660043277179114,
        0.36483437417055714,
        0.3662644256381877,
        0.369354975844591,
        0.37441107840434784,
        0.37357386219431593,
        0.37301071230817817,
        0.3699101135033877,
        0.37138819218649755,
        0.36920077350691305,
        0.3700049845253932,
        0.36775359930785645,
        0.36223000520567233,
        0.36824897922370475,
        0.37275402436774757,
        0.37361952365385714,
        0.37147198271310483,
        0.3672567212237503,
        0.3673708572896365,
        0.36409394992166777,
        0.3855937297918477,
        0.3892945629226554,
        0.40257031382487923,
        0.3982336025653146,
        0.38076229960089286,
        0.3754439972774586,
        0.3742286034489624,
        0.37154370432078543,
        0.378459271058662,
        0.371992320279361,
        0.37292857074931124,
        0.3766557094504503
      ],