{
  "features": [
    "eda_raw",
    "heart_rate"
  ],
  "feature_string": "eda_raw_heart_rate",
  "sample_duration_ms": 7000,
  "intervals": {
    "increases": "strictly_increasing_intervals",
    "plateaus": "plateau_intervals",
    "decreases": "major_decreasing_intervals"
  },
  "label_mapping": {
    "increases": 0,
    "plateaus": 0,
    "decreases": 1
  },
  "offsets_ms": {
    "increases": 0,
    "plateaus": 5000,
    "decreases": 1000
  },
  "timestamp": "20250816-035238",
  "models": {
    "MLP": {
      "validation_accuracy": 0.6063268892794376,
      "best_model_params": {
        "hidden_size": 2048,
        "depth": 1,
        "dropout": 0.5841610236857302,
        "lr": 0.0034713130203539826
      },
      "study_name": "MLP_eda_raw_heart_rate_20250816-035238"
    },
    "LightTS": {
      "validation_accuracy": 0.6590509666080844,
      "best_model_params": {
        "d_model": 128,
        "dropout": 0.05616984005620553,
        "lr": 0.0037083978123643017
      },
      "study_name": "LightTS_eda_raw_heart_rate_20250816-035238"
    },
    "TimesNet": {
      "validation_accuracy": 0.6221441124780316,
      "best_model_params": {
        "d_model": 32,
        "e_layers": 3,
        "d_ff": 32,
        "top_k": 4,
        "num_kernels": 8,
        "dropout": 0.04317854753463723,
        "lr": 0.009049741749452424
      },
      "study_name": "TimesNet_eda_raw_heart_rate_20250816-035238"
    },
    "PatchTST": {
      "validation_accuracy": 0.7117750439367311,
      "best_model_params": {
        "d_model": 128,
        "e_layers": 1,
        "d_ff": 512,
        "patch_len": 32,
        "stride": 4,
        "top_k": 2,
        "dropout": 0.09170225492671691,
        "factor": 1,
        "lr": 0.00037520558551242813
      },
      "study_name": "PatchTST_eda_raw_heart_rate_20250816-035238"
    },
    "iTransformer": {
      "validation_accuracy": 0.6432337434094904,
      "best_model_params": {
        "d_model": 32,
        "e_layers": 1,
        "d_ff": 128,
        "top_k": 4,
        "dropout": 0.11311967979530342,
        "factor": 2,
        "lr": 0.0007246547496288837
      },
      "study_name": "iTransformer_eda_raw_heart_rate_20250816-035238"
    }
  },
  "overall_best": {
    "model_name": "PatchTST",
    "validation_accuracy": 0.7117750439367311,
    "params": {
      "d_model": 128,
      "e_layers": 1,
      "d_ff": 512,
      "patch_len": 32,
      "stride": 4,
      "top_k": 2,
      "dropout": 0.09170225492671691,
      "factor": 1,
      "lr": 0.00037520558551242813
    },
    "test_accuracy": 0.7155963302752294,
    "test_loss": 0.5882204639802285,
    "history": {
      "train_accuracy": [
        0.6151012891344383,
        0.6450276243093923,
        0.6685082872928176,
        0.6758747697974218,
        0.664364640883978,
        0.6837016574585635,
        0.6929097605893186,
        0.7030386740331491,
        0.6993554327808471,
        0.7196132596685083,
        0.7251381215469613,
        0.7251381215469613,
        0.7246777163904236,
        0.7228360957642725,
        0.7288213627992634,
        0.7472375690607734,
        0.7394106813996317,
        0.7394106813996317,
        0.7412523020257827,
        0.7486187845303868,
        0.748158379373849,
        0.7582872928176796,
        0.7564456721915286,
        0.755524861878453,
        0.7674953959484346,
        0.7633517495395948,
        0.7624309392265194,
        0.7638121546961326,
        0.7730202578268877,
        0.7757826887661142,
        0.7716390423572744,
        0.7684162062615101,
        0.7702578268876611,
        0.7642725598526704,
        0.7693370165745856,
        0.7767034990791897,
        0.7744014732965009,
        0.7716390423572744,
        0.7716390423572744,
        0.7720994475138122
      ],
      "train_loss": [
        0.6695856597981181,
        0.6414351052781275,
        0.6168112482594302,
        0.6000078167924126,
        0.612985759589334,
        0.5952104100645357,
        0.5838789419574633,
        0.5677999733341772,
        0.569950091026545,
        0.5592147145921135,
        0.5499105312437862,
        0.5480094696935369,
        0.5493579653964736,
        0.5604124731121801,
        0.5401889610466158,
        0.534351435375038,
        0.5314134291851718,
        0.5251774093064155,
        0.5239524665677965,
        0.527221025243868,
        0.5181700000007727,
        0.509409938233992,
        0.5035923278134172,
        0.5169177062493882,
        0.4990296439571275,
        0.49923267757475487,
        0.49533532617500475,
        0.49173380075019146,
        0.49159368971434747,
        0.4879837910992884,
        0.4881967451032354,
        0.4861198748233788,
        0.48988874906993046,
        0.4881844280174424,
        0.4788350453583136,
        0.47856108413436355,
        0.4787046750715863,
        0.48291912005312093,
        0.4793346603272369,
        0.4832679999247879
      ],
      "test_accuracy": [
        0.6330275229357798,
        0.672782874617737,
        0.6605504587155964,
        0.6574923547400612,
        0.6788990825688074,
        0.6880733944954128,
        0.6972477064220184,
        0.6681957186544343,
        0.6850152905198776,
        0.7201834862385321,
        0.6941896024464832,
        0.6972477064220184,
        0.6987767584097859,
        0.7247706422018348,
        0.6972477064220184,
        0.6880733944954128,
        0.7079510703363915,
        0.6896024464831805,
        0.7155963302752294,
        0.7048929663608563,
        0.7079510703363915,
        0.7186544342507645,
        0.7033639143730887,
        0.7186544342507645,
        0.7079510703363915,
        0.7064220183486238,
        0.7033639143730887,
        0.7171253822629969,
        0.7125382262996942,
        0.7110091743119266,
        0.7140672782874617,
        0.7155963302752294,
        0.7079510703363915,
        0.7079510703363915,
        0.7125382262996942,
        0.7155963302752294,
        0.7125382262996942,
        0.709480122324159,
        0.7155963302752294,
        0.7155963302752294
      ],
      "test_loss": [
        0.6783559544735364,
        0.599650944409385,
        0.6326515244416869,
        0.6041578586677528,
        0.6264525506110001,
        0.6211342902723074,
        0.6301222731578605,
        0.6590600564210057,
        0.6407304681404651,
        0.5831014019998206,
        0.5978101655977581,
        0.6089120397873975,
        0.6849952531517098,
        0.5815900926925356,
        0.5818332663369835,
        0.593421869686255,
        0.6334422423934353,
        0.5892309437104322,
        0.6096205226507391,
        0.6089775405527984,
        0.5822146081049507,
        0.5841383310632968,
        0.6113378617012537,
        0.6007071111909476,
        0.579630003062957,
        0.5843384555720408,
        0.5890550323582571,
        0.5851018656648992,
        0.5909670385381133,
        0.5982497545921839,
        0.5846139651919724,
        0.5844298030622873,
        0.5975380450578276,
        0.5825474336971201,
        0.5869869522363038,
        0.5863435080656583,
        0.5874626414126941,
        0.5876726482621756,
        0.5884994941020231,
        0.5882204639802285
      ]
    },
    "model_path": "results\\experiment_eda_raw_heart_rate\\model\\PatchTST_20250816-035238.pt"
  }
}