{
  "features": [
    "eda_raw",
    "heart_rate"
  ],
  "feature_string": "eda_raw_heart_rate",
  "sample_duration_ms": 7000,
  "intervals": {
    "increases": "strictly_increasing_intervals",
    "plateaus": "plateau_intervals",
    "decreases": "major_decreasing_intervals"
  },
  "label_mapping": {
    "increases": 0,
    "plateaus": 0,
    "decreases": 1
  },
  "offsets_ms": {
    "increases": 0,
    "plateaus": 5000,
    "decreases": 1000
  },
  "timestamp": "20250820-212800",
  "models": {
    "MLP": {
      "validation_accuracy": 0.6549520766773163,
      "best_model_params": {
        "hidden_size": 256,
        "depth": 1,
        "dropout": 0.08548175237762301,
        "lr": 0.0010169647116199186
      },
      "study_name": "MLP_eda_raw_heart_rate_20250820-212800"
    },
    "LightTS": {
      "validation_accuracy": 0.6757188498402555,
      "best_model_params": {
        "d_model": 128,
        "dropout": 0.0029985914779085965,
        "lr": 0.008102356207766656
      },
      "study_name": "LightTS_eda_raw_heart_rate_20250820-212800"
    },
    "TimesNet": {
      "validation_accuracy": 0.6166134185303515,
      "best_model_params": {
        "d_model": 32,
        "e_layers": 1,
        "d_ff": 32,
        "top_k": 3,
        "num_kernels": 6,
        "dropout": 0.05281905104256931,
        "lr": 0.004358873860781339
      },
      "study_name": "TimesNet_eda_raw_heart_rate_20250820-212800"
    },
    "PatchTST": {
      "validation_accuracy": 0.755591054313099,
      "best_model_params": {
        "d_model": 64,
        "e_layers": 3,
        "d_ff": 512,
        "patch_len": 16,
        "stride": 8,
        "top_k": 2,
        "dropout": 0.06978420469347763,
        "factor": 1,
        "lr": 0.0006320093368078162
      },
      "study_name": "PatchTST_eda_raw_heart_rate_20250820-212800"
    },
    "iTransformer": {
      "validation_accuracy": 0.6277955271565495,
      "best_model_params": {
        "d_model": 128,
        "e_layers": 1,
        "d_ff": 128,
        "top_k": 3,
        "dropout": 0.1248773175738308,
        "factor": 1,
        "lr": 0.0013675191184068204
      },
      "study_name": "iTransformer_eda_raw_heart_rate_20250820-212800"
    }
  },
  "overall_best": {
    "model_name": "PatchTST",
    "validation_accuracy": 0.755591054313099,
    "params": {
      "d_model": 64,
      "e_layers": 3,
      "d_ff": 512,
      "patch_len": 16,
      "stride": 8,
      "top_k": 2,
      "dropout": 0.06978420469347763,
      "factor": 1,
      "lr": 0.0006320093368078162
    },
    "test_accuracy": 0.7555555555555555,
    "test_loss": 0.529470379026527,
    "history": {
      "train_accuracy": [
        0.6381079875055778,
        0.6742525658188309,
        0.6921017402945113,
        0.714859437751004,
        0.7041499330655957,
        0.7099509147701919,
        0.7304774654172245,
        0.7309236947791165,
        0.7469879518072289,
        0.747880410531013,
        0.7443105756358769,
        0.7460954930834449,
        0.7594823739402052,
        0.750111557340473,
        0.7550200803212851
      ],
      "train_loss": [
        0.6457011862984198,
        0.606498370674347,
        0.5823751783753973,
        0.5659123954098441,
        0.5704146104431322,
        0.5562036509414913,
        0.54601828906218,
        0.531306139921993,
        0.5294907415939835,
        0.5177791758819863,
        0.5206482416548297,
        0.5167222102802281,
        0.5066484800676638,
        0.5116966706149975,
        0.5075351059742668
      ],
      "test_accuracy": [
        0.7094017094017094,
        0.7316239316239316,
        0.7658119658119659,
        0.6905982905982906,
        0.7316239316239316,
        0.7145299145299145,
        0.7333333333333333,
        0.7538461538461538,
        0.7504273504273504,
        0.7521367521367521,
        0.7555555555555555,
        0.7606837606837606,
        0.7487179487179487,
        0.7504273504273504,
        0.7555555555555555
      ],
      "test_loss": [
        0.5770620129047296,
        0.5635342996344607,
        0.5363662667763539,
        0.5925985741819072,
        0.556248878617572,
        0.545966296420138,
        0.5394830978833712,
        0.5370145566443093,
        0.5344856688100048,
        0.5415542323365171,
        0.5246897018872775,
        0.5278973607935458,
        0.531373587429014,
        0.5268980286060235,
        0.529470379026527
      ]
    },
    "model_path": "results\\experiment_eda_raw_heart_rate\\model\\PatchTST_20250820-212800.pt"
  }
}