{
  "features": [
    "heart_rate"
  ],
  "feature_string": "heart_rate",
  "sample_duration_ms": 7000,
  "intervals": {
    "increases": "strictly_increasing_intervals",
    "plateaus": "plateau_intervals",
    "decreases": "major_decreasing_intervals"
  },
  "label_mapping": {
    "increases": 0,
    "plateaus": 0,
    "decreases": 1
  },
  "offsets_ms": {
    "increases": 0,
    "plateaus": 5000,
    "decreases": 1000
  },
  "timestamp": "20250816-025102",
  "models": {
    "MLP": {
      "validation_accuracy": 0.5711775043936731,
      "best_model_params": {
        "hidden_size": 4096,
        "depth": 2,
        "dropout": 0.38295075335840695,
        "lr": 1.9380384493766833e-05
      },
      "study_name": "MLP_heart_rate_20250816-025102"
    },
    "LightTS": {
      "validation_accuracy": 0.5729349736379613,
      "best_model_params": {
        "d_model": 128,
        "dropout": 0.3843449380234663,
        "lr": 0.0032994313339245952
      },
      "study_name": "LightTS_heart_rate_20250816-025102"
    },
    "TimesNet": {
      "validation_accuracy": 0.6221441124780316,
      "best_model_params": {
        "d_model": 16,
        "e_layers": 3,
        "d_ff": 32,
        "top_k": 3,
        "num_kernels": 4,
        "dropout": 0.07307000184538312,
        "lr": 0.0023027780298285052
      },
      "study_name": "TimesNet_heart_rate_20250816-025102"
    },
    "PatchTST": {
      "validation_accuracy": 0.5518453427065027,
      "best_model_params": {
        "d_model": 64,
        "e_layers": 1,
        "d_ff": 256,
        "patch_len": 4,
        "stride": 16,
        "top_k": 2,
        "dropout": 0.49344346830025865,
        "factor": 2,
        "lr": 3.9459088110999965e-05
      },
      "study_name": "PatchTST_heart_rate_20250816-025102"
    },
    "iTransformer": {
      "validation_accuracy": 0.5694200351493849,
      "best_model_params": {
        "d_model": 128,
        "e_layers": 1,
        "d_ff": 256,
        "top_k": 3,
        "dropout": 0.362580774849707,
        "factor": 2,
        "lr": 9.495091799464703e-05
      },
      "study_name": "iTransformer_heart_rate_20250816-025102"
    }
  },
  "overall_best": {
    "model_name": "TimesNet",
    "validation_accuracy": 0.6221441124780316,
    "params": {
      "d_model": 16,
      "e_layers": 3,
      "d_ff": 32,
      "top_k": 3,
      "num_kernels": 4,
      "dropout": 0.07307000184538312,
      "lr": 0.0023027780298285052
    },
    "test_accuracy": 0.5795107033639144,
    "test_loss": 0.7532741553192839,
    "history": {
      "train_accuracy": [
        0.511049723756906,
        0.5128913443830571,
        0.533609576427256,
        0.5465009208103131,
        0.5441988950276243,
        0.5524861878453039,
        0.5418968692449355,
        0.5492633517495396,
        0.5455801104972375,
        0.5538674033149171,
        0.5824125230202578,
        0.5686003683241252,
        0.5676795580110497,
        0.5750460405156538,
        0.5676795580110497,
        0.5755064456721916,
        0.5814917127071824,
        0.58195211786372,
        0.58195211786372,
        0.5888581952117864,
        0.5985267034990792,
        0.6077348066298343,
        0.5971454880294659,
        0.6054327808471455,
        0.5976058931860037,
        0.611878453038674,
        0.6215469613259669,
        0.6169429097605893,
        0.6072744014732965,
        0.6151012891344383,
        0.6256906077348067,
        0.6302946593001841,
        0.6284530386740331,
        0.6279926335174953,
        0.6298342541436464,
        0.6275322283609577,
        0.6270718232044199,
        0.6316758747697975,
        0.64548802946593,
        0.6376611418047882
      ],
      "train_loss": [
        0.7182336576955314,
        0.7077719169646557,
        0.6955685235738315,
        0.6881148932608012,
        0.6916164498961432,
        0.687159184263556,
        0.687300035966694,
        0.6848518132724376,
        0.6902174348111091,
        0.683257614490516,
        0.6732807315296011,
        0.6727852122120656,
        0.6734271767389709,
        0.6734735226982426,
        0.671202876071684,
        0.6643477620121304,
        0.6619296666666947,
        0.6585818849654926,
        0.6530458626387089,
        0.6573386421739287,
        0.6479692313113484,
        0.6449018910005826,
        0.6515373026688015,
        0.6471425607718156,
        0.6453798909433199,
        0.6381932281877015,
        0.6328818271173298,
        0.6326931599753997,
        0.6314273902504923,
        0.6326537644885083,
        0.6268072019624447,
        0.6238142732757231,
        0.6223618901895555,
        0.6199910563878153,
        0.6197748854893567,
        0.6200164740915457,
        0.6188625231193136,
        0.6165921225951742,
        0.6168580417474989,
        0.6113384266145541
      ],
      "test_accuracy": [
        0.5,
        0.5565749235474006,
        0.5856269113149847,
        0.581039755351682,
        0.5948012232415902,
        0.5581039755351682,
        0.5458715596330275,
        0.5779816513761468,
        0.5045871559633027,
        0.5428134556574924,
        0.5076452599388379,
        0.518348623853211,
        0.5626911314984709,
        0.573394495412844,
        0.5764525993883792,
        0.5229357798165137,
        0.5871559633027523,
        0.5152905198776758,
        0.5596330275229358,
        0.5428134556574924,
        0.5565749235474006,
        0.5657492354740061,
        0.6116207951070336,
        0.5963302752293578,
        0.5749235474006116,
        0.5626911314984709,
        0.5856269113149847,
        0.5351681957186545,
        0.5565749235474006,
        0.5596330275229358,
        0.5535168195718655,
        0.5718654434250765,
        0.5886850152905199,
        0.591743119266055,
        0.5856269113149847,
        0.5779816513761468,
        0.5795107033639144,
        0.581039755351682,
        0.5795107033639144,
        0.5795107033639144
      ],
      "test_loss": [
        0.6925898979927786,
        0.6746195031597709,
        0.6775728717491897,
        0.669060171379591,
        0.6708053363208012,
        0.688456939083356,
        0.6812054578681969,
        0.6856453199999049,
        0.7367148022950607,
        0.6905378394899747,
        0.6970075501943582,
        0.7123494173773203,
        0.6811734027818802,
        0.6851253287143299,
        0.6886421418335824,
        0.6963485827504312,
        0.6967598823232388,
        0.7198710846244742,
        0.7108951548188469,
        0.7170047960514687,
        0.7162598227506748,
        0.7127039911914673,
        0.7083138633940927,
        0.7160988495619655,
        0.7244935803092584,
        0.7349232143582919,
        0.7238052139223898,
        0.748891053032073,
        0.7569413458535431,
        0.7464558761054223,
        0.7652997817468206,
        0.7477382924578605,
        0.7512478248788677,
        0.7512577039386155,
        0.755265310269977,
        0.7527390722105627,
        0.751100811207331,
        0.7524250107803111,
        0.7530611254024214,
        0.7532741553192839
      ]
    },
    "model_path": "results\\experiment_heart_rate\\model\\TimesNet_20250816-025102.pt"
  }
}